{
    "task": "transcribe",
    "language": "chinese",
    "duration": 52.939998626708984,
    "text": "北京是中华人民共和国首都,文化中心,全世界第一座双奥之城 同时也是一座充满历史底蕴的国际大都会 在将近八百年的时间里,这里曾是数个王朝的都城 而今天的北京,高楼大厦耸立,交通网密密麻麻 有大约两千万的人在这里生活 北京将古典与现代完美的融合了在一起 当你漫步在北京街头 你将会领略到中国文化的博大精深,欣赏现代化的风貌 北京欢迎您的到来 北京西站到了",
    "segments": [
        {
            "id": 0,
            "seek": 0,
            "start": 0.0,
            "end": 7.0,
            "text": "北京是中华人民共和国首都,文化中心,全世界第一座双奥之城",
            "tokens": [
                50364,
                26668,
                31375,
                1541,
                5975,
                5322,
                236,
                44894,
                15408,
                12565,
                16086,
                25444,
                7182,
                11,
                17174,
                23756,
                5975,
                7945,
                11,
                11319,
                24486,
                18049,
                6346,
                100,
                2129,
                234,
                1881,
                98,
                9574,
                45277,
                50714
            ],
            "temperature": 0.0,
            "avg_logprob": -0.1152203232049942,
            "compression_ratio": 1.2804428339004517,
            "no_speech_prob": 0.0056384471245110035,
            "words": []
        },
        {
            "id": 1,
            "seek": 0,
            "start": 7.0,
            "end": 11.0,
            "text": "同时也是一座充满历史底蕴的国际大都会",
            "tokens": [
                50714,
                13089,
                15729,
                22021,
                2257,
                6346,
                100,
                2347,
                227,
                15868,
                94,
                5014,
                228,
                45399,
                22816,
                164,
                243,
                112,
                1546,
                16086,
                8842,
                227,
                3582,
                7182,
                12949,
                50914
            ],
            "temperature": 0.0,
            "avg_logprob": -0.1152203232049942,
            "compression_ratio": 1.2804428339004517,
            "no_speech_prob": 0.0056384471245110035,
            "words": []
        },
        {
            "id": 2,
            "seek": 0,
            "start": 11.0,
            "end": 16.0,
            "text": "在将近八百年的时间里,这里曾是数个王朝的都城",
            "tokens": [
                50914,
                3581,
                45456,
                17463,
                33453,
                31906,
                34128,
                44848,
                15759,
                11,
                35102,
                43801,
                1541,
                33188,
                7549,
                19940,
                46610,
                1546,
                7182,
                45277,
                51164
            ],
            "temperature": 0.0,
            "avg_logprob": -0.1152203232049942,
            "compression_ratio": 1.2804428339004517,
            "no_speech_prob": 0.0056384471245110035,
            "words": []
        },
        {
            "id": 3,
            "seek": 0,
            "start": 16.0,
            "end": 22.0,
            "text": "而今天的北京,高楼大厦耸立,交通网密密麻麻",
            "tokens": [
                51164,
                11070,
                34947,
                26668,
                31375,
                11,
                12979,
                162,
                2429,
                3582,
                5014,
                99,
                4450,
                116,
                24409,
                11,
                28455,
                19550,
                16469,
                239,
                47838,
                47838,
                38999,
                38999,
                51464
            ],
            "temperature": 0.0,
            "avg_logprob": -0.1152203232049942,
            "compression_ratio": 1.2804428339004517,
            "no_speech_prob": 0.0056384471245110035,
            "words": []
        },
        {
            "id": 4,
            "seek": 0,
            "start": 22.0,
            "end": 25.0,
            "text": "有大约两千万的人在这里生活",
            "tokens": [
                51464,
                2412,
                3582,
                16853,
                99,
                36257,
                20787,
                23570,
                29979,
                3581,
                35102,
                49958,
                51614
            ],
            "temperature": 0.0,
            "avg_logprob": -0.1152203232049942,
            "compression_ratio": 1.2804428339004517,
            "no_speech_prob": 0.0056384471245110035,
            "words": []
        },
        {
            "id": 5,
            "seek": 0,
            "start": 25.0,
            "end": 29.0,
            "text": "北京将古典与现代完美的融合了在一起",
            "tokens": [
                51614,
                26668,
                31375,
                45456,
                46335,
                2347,
                116,
                940,
                236,
                20204,
                19105,
                14128,
                9175,
                1546,
                43772,
                235,
                14245,
                2289,
                3581,
                29567,
                51814
            ],
            "temperature": 0.0,
            "avg_logprob": -0.1152203232049942,
            "compression_ratio": 1.2804428339004517,
            "no_speech_prob": 0.0056384471245110035,
            "words": []
        },
        {
            "id": 6,
            "seek": 2900,
            "start": 29.0,
            "end": 32.0,
            "text": "当你漫步在北京街头",
            "tokens": [
                50364,
                16233,
                2166,
                14065,
                104,
                31429,
                3581,
                26668,
                31375,
                42529,
                39862,
                50514
            ],
            "temperature": 0.0,
            "avg_logprob": -0.10348040610551834,
            "compression_ratio": 1.0692307949066162,
            "no_speech_prob": 0.02715267241001129,
            "words": []
        },
        {
            "id": 7,
            "seek": 2900,
            "start": 32.0,
            "end": 37.0,
            "text": "你将会领略到中国文化的博大精深,欣赏现代化的风貌",
            "tokens": [
                50514,
                2166,
                45456,
                12949,
                12501,
                228,
                6904,
                98,
                4511,
                38165,
                17174,
                23756,
                1546,
                5322,
                248,
                3582,
                34910,
                24043,
                11,
                5988,
                96,
                5266,
                237,
                20204,
                19105,
                23756,
                1546,
                47209,
                11561,
                234,
                50764
            ],
            "temperature": 0.0,
            "avg_logprob": -0.10348040610551834,
            "compression_ratio": 1.0692307949066162,
            "no_speech_prob": 0.02715267241001129,
            "words": []
        },
        {
            "id": 8,
            "seek": 2900,
            "start": 37.0,
            "end": 40.0,
            "text": "北京欢迎您的到来",
            "tokens": [
                50764,
                26668,
                31375,
                28566,
                17699,
                23414,
                1546,
                4511,
                6912,
                50914
            ],